brake_pressure,brake_temp,vehicle_speed,pad_wear_level,failure
107.45071229516849,93.99355436586002,46.496434500512365,81.87402294840508,0
97.92603548243223,89.24633682912769,57.10962658568965,98.3567206513663,1
109.71532807151038,80.59630369920174,44.15160158000077,25.967083895041398,0
122.84544784612038,73.53063222294426,53.84076940721919,96.9723632797977,1
96.48769937914996,86.9822331361359,22.12770666092429,43.12338697915579,0
96.4879456457623,83.9348538542175,64.26587414745877,34.751879531375465,0
123.68819223261087,88.95193220027733,60.02410950724448,5.034952696935324,0
111.51152093729362,86.35171801681969,43.658227378636184,5.276525785960262,0
92.95788421097572,90.49552715319335,73.1849133686481,69.20112559466547,0
108.13840065378947,74.64764788439432,78.75140275253116,45.79289944340279,0
93.04873460781306,93.17394065634326,27.848802712620518,22.65216260361057,0
93.01405369644614,81.975996046924,44.745504428675716,61.39703063252326,0
103.62943407349051,100.75260872625265,44.617153004254035,25.285811825011116,1
71.30079633013304,73.10812181910433,41.20193797782271,57.76317543444226,0
74.12623251230451,97.3596380316525,76.58949683863497,35.92087469826903,1
91.5656870613854,81.97910783462648,56.12347722454393,82.3552226611819,0
84.80753319498365,73.48581996385552,54.70970317378779,82.06961607667793,0
104.71370998892911,75.16114165945679,19.92275271186493,47.73503981224013,0
86.37963886718184,76.7965269180568,72.70836060418452,35.08191093350156,0
78.81544447997062,84.24165946401916,35.21483210293055,36.25597965590946,0
121.98473153382331,85.228354880355,61.198652605326565,80.57145256682179,0
96.61335549270197,74.26299996061421,65.54753875916383,32.8179482797612,0
101.01292307031886,79.75645407739017,87.21317191677302,20.9059373706846,0
78.62877720679815,101.42270358611864,33.823592017617756,8.468834187530682,1
91.83425913212226,97.27543170100711,-0.39024311641650655,46.66931208844084,1
101.66383884564799,84.36323669674032,63.6769908950739,48.213209891984185,0
82.73509633866546,80.380034781682,96.01022363021707,84.09087104029072,0
105.63547027518509,81.20031326718261,84.77892705878875,22.123869644606398,0
90.99041965121792,86.13517972730416,64.19318830549251,38.099127366839994,0
95.62459375310085,69.77207434801595,50.16727628735905,80.8405738893691,0
90.97440081655904,77.42623462576655,76.14245193274621,82.36236107489735,0
127.78417276763406,63.314159261224106,40.529076005910625,38.46110759787682,0
99.79754162893099,83.9922312260528,69.52715538712438,45.91240232866809,0
84.1343360656615,86.4719593970274,70.10940318333253,30.328589084928293,0
112.33817368154783,75.16813537700627,81.2041981499776,93.2554878419312,1
81.68734525043467,95.73986763290033,115.19320077822155,11.864376574158031,1
103.13295392507133,67.7423433699766,67.84831934357534,93.374942300147,1
70.60494814180336,65.3562511979018,49.82072748585003,68.38664518353433,0
80.07720926652354,82.24451818559972,59.48851375616011,53.15721526867312,0
102.95291853803685,90.47098302612154,24.61848190221764,3.2659060784495875,0
111.07699869993115,96.83927691457869,46.105737378218834,47.55961918220083,1
102.57052421784955,75.4111573713106,51.814351237737924,40.774810500273226,0
98.2652757641764,90.78680833431295,49.51823204130815,16.121881197512256,0
95.48344456616067,79.61491530499293,63.04709744067444,65.6409603500657,0
77.82217014448858,78.2737270005918,43.55160135235599,97.11509073682858,1
89.20233687407936,88.83659937486672,82.42061334648943,56.218881106452514,0
93.09041843560318,86.52322878413419,60.00414129836394,71.47532764439458,0
115.85683339328374,64.2360784301575,59.81399357722771,6.845045256601678,0
105.15427434352692,94.76540349725896,53.44210566974164,41.76669958169947,0
73.554397669559,93.80091354147451,63.10381367717958,11.635848516449588,0
104.86125954092192,73.7443729849047,76.5019652933527,61.27958355365104,0
94.22376579375525,83.95803533437409,42.65739568578199,93.84821582141547,1
89.84616999541062,84.94030186282738,46.837670218494864,66.17777324716386,0
109.17514433261302,82.60673765823907,53.92547942446671,7.680304831442153,0
115.46499283743927,74.4969484615458,33.082581530535705,35.466620498508284,0
113.96920178674299,73.28376632061949,43.61484280557005,55.066337944085156,0
87.41173715166042,79.74445929008554,50.475582529106816,40.320775613325225,0
95.36181436223178,91.72729019259364,77.48778361425455,83.36440104751723,0
104.96895147105346,85.43600154594432,65.2512265800385,81.46710047099891,0
114.63317690683539,76.29385667913894,63.87179822735089,61.183102010322145,0
92.81238643232065,87.71698710648344,77.01795924335944,37.345794513270526,0
97.21511535004274,51.51457379369924,57.25256423201207,25.533637376324414,0
83.40497538990958,91.48765700372104,67.80929699857779,10.587431821312931,0
82.05690063878994,62.60286221221901,57.93556494135007,35.4897683486554,0
112.18788733591298,76.37559058596868,65.30724698799257,41.31725172077195,0
120.34360042856234,68.80330105373856,48.34482684776836,67.58229251040736,0
98.91984817629499,67.05318524279095,11.22365683447142,65.81598242975734,0
115.05299346838036,91.6082678737852,57.314416756273914,7.0108139641256955,0
105.42454037571451,75.32298798688109,88.45496272199881,39.525931543115775,0
90.32320368092314,83.46503881730716,78.52430804483186,18.177886721736193,0
105.4209340826262,79.53079421120816,79.30794969182341,15.68127053168057,0
123.07054849698955,84.77040827223121,84.72261443612436,82.73021497372459,0
99.46260941335073,80.76821891060256,61.77315181922875,4.191521671625753,0
123.4696548372101,67.1700777581143,63.94631414811191,41.91828759021213,0
60.703823438653835,89.9626681944714,47.646962091313,16.82036557665182,0
112.32853756562835,75.06243416838687,53.678542879459,87.9330215678474,0
101.30570602357257,64.4341810134025,72.31542299542284,55.704051327503514,0
95.51488974301199,75.71884839034088,84.07768874337633,23.1380636376848,0
101.37641164803253,95.00759790634311,57.21107448638001,50.24272871663764,1
70.18646628098661,88.50221742113493,50.99621470297177,73.14863597031159,0
96.70492168243732,76.5134786559214,60.010559177131945,95.81180089194338,1
105.35668857267619,76.50742295681572,72.0241349785823,22.044600424541894,0
122.16841067112274,76.78364948782617,31.122903677329163,88.61817721293451,0
92.22594672589528,100.76747983560841,14.076380937255237,93.43041141674902,1
87.87259595660218,83.81935452231554,48.98926301016833,91.64205445320663,1
92.47364434623195,84.3004164719107,35.58575148171683,63.54143568619099,0
113.73103176553111,90.30283454031843,49.83719604705378,62.982065443470766,0
104.93126664489526,82.38789159026514,57.04439362365057,40.32106331838228,0
92.05359694349441,77.40957854179297,50.93503181953973,75.23978823037879,0
107.69901149670034,78.03650150915021,89.04935068941491,53.12940183509319,0
101.4561632402206,79.28398740585936,66.5348952920464,67.74380712282945,0
114.52967485799334,79.62777763490159,66.00948719221657,42.84579038487954,0
89.46920359183972,87.2762954363698,72.44414288086804,73.14964640431391,0
95.08506780103347,80.519458858073,37.223337644384614,82.4471517604549,0
94.11837770301764,87.3264007721558,80.78223574840537,14.64362566028161,0
78.04727577801822,79.19283419891417,58.484714269290805,83.2929715574228,0
104.44180415596864,80.7863519031609,73.40961234482425,54.029653179030724,0
103.91582908269834,60.01799315467892,38.56285533919689,84.46659090902243,0
100.07670184963692,89.16327674702481,28.924824679678714,43.13017063410146,0
96.4811929993728,83.46488475897992,76.35779316050058,37.904048538303506,0
78.76943886924379,89.98010109859652,67.52819052195034,91.50607325172224,1
93.69032015851961,51.03744621806311,41.95896891284979,25.11692675484013,0
94.85928225209845,100.88374704780728,42.60673837450611,84.42123252861431,1
87.96584096167572,78.60410371844826,82.50869568829539,48.40205725094041,0
97.58071432500986,91.08182816737516,36.21176214265344,51.40954425512597,0
106.06076285221808,69.60094072874469,92.85345906511927,30.8468281489484,0
128.29278851815795,86.12773905062569,41.98758530704262,57.30422006190157,0
102.61866719247759,69.46584436826343,72.76783851216766,32.52111962762113,0
103.86325586084146,73.76231039304194,53.42763048502031,3.926941424165231,0
98.8833112635075,99.14031353866787,72.06374862164687,27.199860534435604,1
71.21843177051437,78.09317599236654,49.11771995771615,0.6379043406590679,0
99.60229186826174,82.17432873179723,56.74414187855412,97.83547870568566,1
100.90345314911539,88.70067730688754,60.818383507914426,96.57472098197475,1
136.9486316872793,84.95681887972604,39.95625088437055,39.5155297472305,1
97.11458552828316,81.50418905143576,74.81648690840251,72.8370854339646,0
104.52321013500419,83.64961002466225,49.73572867056829,34.580609841042495,0
99.47932345442135,104.03415585238275,55.428001693199626,67.1093157085976,1
82.46982943570703,79.42381202966415,40.11301250782975,80.54300430459791,0
117.14234221772531,82.01099046714967,8.75332682409379,94.67562446922408,1
111.27899549030161,90.50654396007612,56.17944474799662,40.0212275849672,0
111.8654792056457,91.05525932957984,108.25230843225832,78.32979829560477,0
86.35918817807891,91.8703030556038,75.69208575796048,26.59284506321188,0
121.04191466404149,86.38730222029184,59.61479240531211,99.03323037936484,1
78.97223405811579,68.56995087269516,54.742183415834646,2.5769598764351143,0
108.80285640700406,96.33431532301096,60.449317856240924,60.3528806501121,1
132.85683438714966,68.53654606981311,70.9423823035042,65.95059816513272,1
85.14195512303968,83.02635465239034,36.38374369382311,68.80455570741289,0
91.50553405595842,72.45724149980641,82.28643389337745,12.038757878908902,0
101.49477047631461,79.35861653407008,74.30762630882488,93.85297834731304,1
92.44786518825701,83.2876241030348,74.36371451415869,18.11832790500828,0
76.74004853400801,83.21357215450273,68.76951477619454,62.27534032398411,0
101.0284446220904,84.21920754235285,60.3923331538798,22.267607912308495,0
84.06544429410843,96.13711269058646,73.4572247193364,30.72164170212709,1
107.10388645952773,84.5353430151398,71.83628267482756,54.645854172812435,0
86.20863648649295,77.55843364709351,52.91918578117952,41.719341856457646,0
123.24901607526309,89.64087168288357,48.52796454206198,16.02256009765063,0
88.25120061495645,91.89470488924641,62.03712590523973,17.093640242084827,0
95.16907725691486,67.72392184863007,90.98040302990375,41.814478816279966,0
112.20275826054504,85.97400069849859,35.21785848692198,75.72829782755008,0
81.53703525349067,87.01172742310898,30.6494946849512,89.79646468477885,0
103.41189901906193,77.02436496640009,63.29521682473033,8.412766225938284,0
119.60714131423643,93.75706813311619,61.01775403712036,39.310390755940105,0
75.88775148158159,78.49944412967473,63.466833287408164,10.024556372287662,0
102.76950787798457,81.25576453471542,64.87906395817001,1.6592480632597884,0
103.89824191372635,78.26928175716131,55.535954907303896,66.17186826439566,0
111.72734307665965,80.15579047581467,89.79726877204165,60.24494419665878,0
81.44573933682878,69.03724913104799,27.981920430469685,16.301911381488623,0
80.19315080373585,65.59949117405705,43.430059504395075,23.38128330930641,0
107.82912348425347,95.94505063224972,57.93490479701905,2.370775364451838,1
104.45477009849779,71.53038651681672,27.13622377691665,83.49472056944037,0
103.75739275518815,70.08607650543692,56.48291191135858,97.46905960485515,1
105.19672314245463,58.466098863962856,93.22940331456036,13.545953679469081,0
89.79962917632264,73.61038252310497,60.41772976591923,23.147521376529813,0
103.48380545741506,66.76910206592501,64.61401811437366,86.8409523946934,0
104.39608709948021,96.4201516013637,34.796704696548396,92.64637979561849,1
89.28472872960448,90.09817089342634,47.672771839210455,41.96273828068103,0
127.98661766717134,73.11849654822277,52.49607239352126,5.062247226907413,0
107.10749381367681,102.52435805344308,53.64569806487532,3.93918336928194,1
82.13044754196028,89.81765486991594,85.63287590007538,57.39498660690104,0
109.84830412950744,76.75168616491378,71.15382121450249,39.2895108893179,0
85.37977494659017,55.005942851264265,37.77084086125936,2.8652427577654516,0
111.80626905613678,102.90942572590743,64.9300955686401,58.32523923125568,1
117.37893368511106,66.10427533236404,69.9644349699357,1.1302536589022472,0
87.68976522472434,63.546012530431085,82.80298077042534,78.73719581492729,0
114.45064193866483,90.2257043200964,91.61081373136747,30.643282270337156,0
106.19171390404748,104.39752406339272,39.69811616344263,4.02580030092321,1
112.33090239991735,93.84272818510519,43.78284977579324,58.835222098315334,0
128.4518947398092,85.6390912005236,34.84844282170768,39.76844144330547,0
96.31917825995694,85.94754341665286,55.31960281786037,97.38004133571495,1
88.69395753463766,88.53415558780307,69.32716748892669,54.41986625037022,0
86.65728355561716,87.58928589786765,79.74669033178203,27.52391810370083,0
87.76284572551843,82.81191423969376,58.48097952714954,70.94388646339748,0
98.84347435878844,81.04201103951875,53.60304953490312,27.149200254271133,0
105.11727962224965,79.37406872100478,63.03515984497481,90.42432914075651,1
104.15036198995028,72.46035411133323,43.29714196739954,37.47219705073764,0
112.40774873554035,77.19324923133226,101.79077443389546,54.98685627762052,0
100.1950283781686,63.07043185804615,27.846779457638824,5.0573103824228856,0
121.80301115735975,79.0166037320525,63.69481157791449,42.61212379522308,0
96.03014750143066,70.11408892849083,100.47212438459279,83.2363539660995,0
140.8025374988443,68.96410682784229,60.13599689119996,80.56488053633419,1
109.3850102164751,81.79894151153478,56.19921929997011,22.431855885352626,0
87.14263665375576,93.920022863446,52.851091543791455,22.60790710105627,0
83.93661252908332,89.18316606002313,56.392166364751844,81.73053122132367,0
107.23708622864778,64.29499396376823,87.45696949353061,93.03984201693255,1
96.64805822011223,70.10371863429663,15.762761773409864,9.536092127300355,0
110.71000741138138,89.40771187988216,90.6686740259265,45.005863942622526,0
107.09856436860318,70.1751260646169,31.5208569509971,33.745427896422896,0
98.9075663101469,77.75366850002976,54.6669534153117,87.06884554574394,0
87.29809422897392,85.50052099024552,51.41511159402676,8.352491468001876,0
77.27729162971204,70.31655545136366,71.7710653954144,21.112594255803742,0
93.30227571899468,81.0537550614596,28.03751296232505,75.24683375864943,0
112.84598191485209,66.65974505081796,69.24345332163885,5.129384898121558,0
103.21140616195306,73.98632356048786,100.48619246573705,49.25353807142893,0
81.31391831932018,83.19781934142537,32.73651990814379,44.210703467972,0
102.59771388776772,64.0700626646833,63.79412335220791,33.44011789887487,0
105.77976069593255,84.40474737960399,46.76035644406782,39.457231531892376,0
86.742138456983,79.80362201073319,68.51774412386072,52.99405869302329,0
102.30587658918292,85.52489954417148,60.38295554831504,16.136735838838312,0
100.87313077669,82.23914134064661,47.170261819113804,57.19958782835928,0
82.85544553254066,93.64140429973844,69.75744569742147,80.54323292999864,0
105.36681040522424,81.25224502647907,96.08696219573486,76.01609297901591,0
108.41176789552351,75.70594458874747,56.18192416545403,15.389990469377368,0
116.24576864762915,81.22297503032284,74.39515884296364,14.92494697414739,0
115.80703078052355,85.43298029036387,34.134540842576726,26.817436774491334,0
79.33495948064363,80.48860070325705,40.871272463639826,36.10747263410372,0
85.93262440127316,80.40591691203882,69.44812555760754,40.84555814084826,0
107.7255290081299,72.98008312193245,89.6823205707193,67.96972168333453,0
107.70678926368313,73.37099082449052,67.1122669757132,5.66804321658354,0
107.72571529459071,65.97394728200307,53.73883938953691,3.4672704226066386,0
157.7909723598208,97.4957674318694,59.98582810846708,39.191056294390904,1
108.5633576603975,67.56136764608715,34.99184532060565,69.71636921379805,0
117.03348460270898,73.07094802204092,72.09030652710733,19.343534295648258,0
114.31002645239803,72.81592734430802,77.64666124646818,64.15044812562518,0
109.77086876958697,88.94924376944441,50.958193343338394,25.982813794029948,0
95.27096133039481,77.05050321707972,50.59915704480997,88.60861088135164,0
111.38453830739901,92.47742072673734,65.31756459304097,89.56899442666165,0
88.40762178193643,73.26509375756132,51.265605279188094,29.72872042813265,0
96.44772089889986,82.78994162223802,58.67734770748355,22.99937539632405,0
92.71954678256344,71.64652946740243,101.99443578333032,41.13039720662313,0
101.22811209079484,101.45149127773388,55.059485985080066,24.05315851801487,1
134.71987850010262,68.12401580970487,52.83319695957556,67.23838432917036,1
71.99102211112378,83.09820710227028,47.049163887296814,82.60646845482856,0
110.2939028556177,86.33776880932099,74.88383942999873,67.3092130911217,0
75.80926193215522,84.13799097451498,56.37551653563794,82.43504472493495,0
92.92102201315849,78.14712341122292,47.01253923357148,39.69921622074742,0
116.33425895451049,78.70179300266574,86.42608064546025,15.631697070886085,0
100.96420028643195,80.4381147197911,88.39206009027274,73.79509473975922,0
83.8338283310604,78.52997998371511,47.9915286852259,36.047450514155386,0
89.27044436110047,89.6387911679491,22.669200972787678,67.12708252291326,0
110.19396623402014,102.10523001591352,80.15027379673845,27.064394198176565,1
89.04450052424295,74.42508214992166,46.30740348479992,8.122963480667266,0
103.24687884372962,66.30197020420923,75.81251198325538,99.25817954877634,1
100.6835775985572,79.11717951648745,20.597923645763288,15.620150793059928,0
90.22599478591275,105.79709337654319,77.85194676598618,98.8420993963481,1
132.1591613398799,71.9632543203027,35.776561414384375,97.72799325664472,1
109.50878533477017,96.39116805444067,74.61528238133049,79.38181039080396,1
69.6228612001359,96.77700814076441,60.28546135672868,65.94229620819976,1
102.79681472154141,74.46411758292005,40.921211612067104,57.78070502510847,0
90.07320302847418,85.68983079185276,51.85927374146439,86.61015453778347,0
112.78650002194335,96.28396623128538,73.72636913913402,28.943952161948793,1
88.11218892350949,76.20872259012513,62.117889062304684,46.7681212484877,0
98.27895337799652,77.96419639897638,71.68825960944969,61.93899693665019,0
107.57480918470685,74.18319086051356,99.52881169030971,41.11904758694911,0
112.98632791255181,69.85243269307134,28.715167765778972,42.7486454090268,0
81.99555389416335,73.50722454933992,92.34425149937248,33.02846675020844,0
94.98248146238578,67.76059733237743,62.087118750464256,56.4231816684536,0
92.87582033258566,80.34083468259226,42.02431903353744,85.0574528015116,0
90.20006151139432,72.30026768941359,33.393727485220204,20.152837800631286,0
126.48181360421646,82.33785911790747,56.21759218445933,93.44330387534414,1
106.07472566441433,64.44104353796372,78.4330022384892,68.90876537482296,0
81.08674068497433,83.30880232214457,57.449017592449316,82.32732126800302,0
113.76792920582164,88.33528961608924,90.22309860494695,55.619069263001165,0
131.8323429551895,60.062643574285445,30.97648619896882,77.95167014240634,1
115.4869789082672,83.74056569847572,59.75822104307891,1.620039733946721,0
77.2094505106898,92.27668992473292,34.952131111737614,81.83804247795352,0
92.73648890700623,67.90358981308795,67.27263765249936,4.013885908536652,0
119.00366723779933,96.72572386837703,77.737747801946,88.99133763628625,1
89.38495801571828,84.19019009366045,51.584764126378936,99.19627472386433,1
106.65729142219342,72.94988144241591,7.915722867457319,29.40674621767778,0
111.61951080144006,79.44230922342294,63.97896293592989,21.031855628579365,0
86.09604292632875,85.58326912521723,68.73477103467019,76.53633638580408,0
99.10711965907299,80.76005391412411,68.08589509923395,25.302634092025322,0
51.38098989896391,85.38755992446369,84.71564383644308,86.55623831722035,0
84.63418537998565,70.79326406920634,38.578926407019026,10.28425921574767,0
96.2114777291026,81.69360824036077,73.60432210900899,12.595519637935826,0
81.28325227052726,65.8628550309502,83.8501502495595,97.91515551006155,1
124.48616955897452,78.88773938651299,24.428248319869667,67.38388982700046,0
78.54787933059052,70.9609235853521,66.39303651837955,84.68872244289528,0
93.39933269954524,72.64470057410233,49.91640337984657,32.4329377351518,0
101.96110865929137,92.36093175210438,58.36954653796708,67.64837495206044,0
121.61909933599173,90.9131012059427,66.95352967076673,59.42418273085972,0
78.46206773230841,86.09138120907177,50.255428717728954,60.3150120122947,0
117.4474562823244,69.07687235327421,46.48583841676776,68.25324595377215,0
100.1534959152938,76.83591550305198,60.68304834976049,57.53591731290986,0
85.27737023428074,92.13097699979184,38.25508122274395,42.906236930266594,0
106.93155211394907,81.41716913639905,38.28349742229629,27.592269438054686,0
102.98589543360205,103.19329539981695,73.58746565913006,76.8581330913202,1
90.99674684261808,83.93317839394372,37.02411929682688,22.62724300031862,0
101.04703127485028,81.92049116490031,73.32625001818424,69.23543061544142,0
94.2202960470736,76.908835357975,69.25182585707903,23.333282264932663,0
101.70276017876873,81.33540904782282,25.483865424188068,62.53301699544539,0
109.9319601178157,78.47530163619456,46.4487069532869,74.70782671290289,0
123.79025224218029,87.0810867668859,83.88218806094744,21.87138889065392,0
81.43276751759726,89.56702316794585,40.37668937720637,5.994330086130828,0
131.995500619844,72.14010539492051,50.711914753812245,13.097374299417408,1
70.71868300716247,66.68767046442221,69.24121786503792,60.59969672710255,0
97.72322357446625,61.637946268967035,75.66781018565192,84.94464062257356,0
108.82475809726864,85.07991326912544,54.969222279110085,4.499682123542437,0
104.2148780160255,68.96633393826127,48.049796106167165,73.41512590416463,0
90.65950720269109,58.471094070475175,88.44739723397015,34.13186459500521,0
96.87816624464087,83.88578604530964,94.77799327595159,47.85283699195225,0
92.6049859801175,104.9299951743279,79.57716101563591,92.88595498455656,1
91.15952864583683,79.93929088460106,61.70636285130048,33.19715047358455,0
112.74403145531537,88.38490774451643,43.834685567181474,46.5336933939486,0
105.35523228947571,80.81829358547564,43.39111186886869,1.3682414760681105,0
89.60635607109019,79.01110346808858,70.45028210531515,8.159872000483837,0
113.49399813149876,89.19076482987768,68.36796441777368,25.859159113478402,0
104.60949281314915,77.09725455811349,88.03197185892859,2.7852240821074403,0
112.1929317825844,82.67392314071903,73.00900185072278,63.1375326048251,0
109.44443262885419,83.21697806196013,29.93839396480364,42.63983568016225,0
87.56507483616892,73.31909546356951,81.03895235445837,54.814520272802206,0
91.59728439704546,89.92042349536523,40.03878745371174,17.464718589632955,0
111.20940407684893,78.25040243304592,52.32057456095297,29.593202943661613,0
109.15555398150197,72.44254840507155,65.00400412503389,66.38244748527251,0
99.68647609053778,85.36509843570404,99.9133497956793,96.53027236303998,1
101.75991074963173,71.01532018208962,122.19837112010723,5.04167736022092,0
119.16497343682637,80.28181157369129,72.13446118272365,89.03843208552661,0
91.12642916746255,79.90881003355797,56.33606762559224,57.68812013112085,0
108.20646071755057,90.85895565831578,70.69011296961101,56.39195667556237,0
96.9671102134916,84.74698232879953,77.75310851747672,50.027853520776034,0
96.7347819515917,79.74973041254856,53.586647488856165,6.9394085904183385,0
116.48165277980786,88.17766299200287,95.90422711824644,8.987685173616066,0
112.38124523482045,93.90207549017313,64.60141518382804,60.09120056590861,0
112.20264454000957,85.57810306351863,69.95486178182789,34.09585714355583,0
119.58218210731494,80.10352619843381,73.31848504108923,91.72680665776807,1
100.31505762449139,66.8816376764984,68.43173221228912,40.659053735947225,0
110.22929456942445,69.34886336924627,76.77881000939225,14.328145870264109,0
95.34599865109816,76.94775295645333,47.65493626906154,71.4718833502036,0
104.86249528732664,73.90487797840717,48.833964921079385,29.335342144100984,0
98.04785418448473,78.13028697014553,37.996915340566105,52.54703073558932,0
101.45493947489078,80.56649924897107,68.79002461240452,69.783278550517,0
108.92735538155371,85.2969275435673,75.57873007024229,90.02641112020704,1
87.72668975149791,79.29501221940909,69.15545732303772,79.2191194801676,0
131.3858091352819,84.86501643826202,93.48984866695075,67.63610678727241,1
84.90973927750447,80.6447441481012,59.88807962341907,67.96331823951436,0
81.78717080818402,60.24533433646128,73.37483311185025,94.59246440320865,1
117.37166310250102,70.60664606181246,38.16598247721372,29.582409749653603,0
111.87494040944404,78.55912444278384,52.25800595051198,0.11120941961874076,0
109.36179725578234,67.90305257158893,73.91075515131556,27.19545593981987,0
109.4251826389642,85.99928729996205,76.98204221486287,21.7891379626744,0
99.81629840729629,95.30750832343698,54.12066104671636,66.18345851139982,1
86.54118442771252,92.18761851697317,58.56801496283866,63.3711599765529,0
101.1370683729059,77.86557129069791,29.64252506638381,59.34613827047238,0
89.84257432731832,94.90726136849952,52.85941598386781,1.62434432094537,0
114.62679600126627,81.48667457202112,77.80766327039572,72.87780544506475,0
97.79413927746792,76.62914028881961,71.50410032213132,32.353041248549154,0
87.61754204811233,73.8659733645906,70.0133144276242,66.50559890066312,0
95.1792123752051,76.97530313511872,60.9954737436192,55.65784285021533,0
106.19397181413436,76.11823181458772,60.14126317256353,34.27309254279072,0
91.54413170794038,81.70416222375488,46.793577210531055,13.457626710410775,0
87.66669406650352,81.60573981049865,73.9765684040507,9.441889766048096,0
103.65530817237868,80.03046020153414,68.4194588877878,83.15183331122236,0
103.67449856663085,84.3693816974635,69.84037695985599,91.8397542081558,1
92.39585236943306,91.90646274786342,49.47930314664839,64.97880467642996,0
92.93442541572516,89.49554135441323,16.933141602575112,10.343411486048337,0
103.48074906036454,65.15102031550097,81.94305423507392,40.20272168882407,0
78.27873487754013,54.46078865098045,50.42325087983192,72.89392001051573,0
78.88804338435168,89.34319911239274,42.74448471913759,77.9820884010068,0
89.22333668121345,66.33121301584579,73.86957823827987,11.82186222910886,0
96.7982927243223,77.75234598107316,52.15974720161741,0.003071884538241587,0
104.66361348397007,68.2988697394064,81.19872768093244,71.2137045880605,0
122.13034325424329,61.9801956241998,72.34011899153396,35.659617598620564,0
112.86489434803029,85.41462728204787,73.67138646400954,25.448133161826025,0
97.60092205054859,87.59155160302647,32.68088577598931,1.289746978952544,0
99.71475688145966,74.2348959927328,84.23887970772802,54.02994067614997,0
84.96205953043287,54.0895770785509,65.22501062467713,85.11507354259817,0
99.72230296011415,74.53755551747517,52.61445721507594,95.76316462725879,1
95.67012041619793,83.91804005402547,62.86776934684502,56.574495061328925,0
104.84077840507135,65.21088431225871,24.475295342033604,51.44613277398942,0
87.59153584671516,81.83359919779156,68.17305622961342,8.50563854892411,0
107.79019771361759,79.84690150827005,39.41256983635857,54.887280154259976,0
122.99108369503867,85.79291499601088,32.946594283129315,37.99790789653946,0
98.36859777314713,81.19580368414154,29.55281627564218,60.71352808835769,0
106.02567583148412,70.26931059118445,82.2537674997985,38.87263478765467,0
110.35215987566669,91.96571501664491,47.41473212614423,24.029912345036674,0
93.98169292171245,78.4147042697303,90.67455419832999,9.49652752283765,0
103.36138722715626,79.72695460490068,49.28397073895404,31.491844458889574,0
100.18888601172692,70.66732040926804,25.852840848141064,9.664483428775227,0
101.46514147823248,75.5671774880849,37.66951120102682,17.689695082398394,0
88.404853242168,71.15197285973099,84.71623240013878,98.73361585795459,1
100.36765261388415,78.27053940076577,56.88203644126665,44.41035569066186,0
107.46997436868175,97.11708480142343,49.034254070187984,53.187176650501655,1
121.76715411692562,66.28098857068643,63.20036451705575,87.36185287372153,0
114.3890623912781,63.86438602123259,70.0356547233509,99.55689004906878,1
132.29773686267333,94.71170327493608,82.34797631804922,58.27144493446815,1
88.48978655667926,77.90676322848134,88.96998459785853,81.24738210441717,0
113.08480955081018,73.30927261340084,52.80462708421828,32.694102433667524,0
102.75013008607527,90.39904687396077,33.479046278359235,30.57439574472911,0
132.8470439982651,73.94384460263136,51.730696777534476,40.27037209945602,1
87.87552571967272,98.26009713546937,65.20561013165772,67.25072626736491,1
87.40417236728835,86.7792587133927,40.72482147578778,68.21916892550988,0
91.00911031833967,75.12088591854297,40.85698170209914,31.52394346494508,0
68.1415641353529,101.57308213265503,66.87575763099771,13.320992413662868,1
92.11367467478858,73.94285076996661,59.026952968590976,63.239625646550856,0
88.61301007669454,87.42095372009307,60.65593990823173,12.832586218876452,0
102.25590679714311,82.99292580406492,44.83009330599861,57.84925082293301,0
105.12633963665739,93.01741289398798,55.39198571588465,69.3422128056309,0
128.1425625882383,95.61511196726853,41.51533711463391,70.06114963944516,1
114.25635757279075,80.32004149065767,77.80396822249574,75.34721106595967,0
91.34644516506395,72.46582129653817,80.70498669447505,87.28594215656645,0
86.52377992977463,84.59972142939117,23.076242755238127,49.995899196478845,0
107.37878757259759,73.22284630247894,41.4097827961518,73.02491895295712,0
80.19650189469037,100.13387247526623,30.069414898198417,61.91727353658367,1
127.47188148781531,81.36535331082737,46.99952131186204,18.663993979768257,0
117.69160181081931,76.34678448687892,58.331240604192786,2.568964486940817,0
92.96236521842943,81.84680305864909,31.0070956060294,28.454138567693377,0
74.30298206363683,66.52873710470304,41.56280373749374,44.30337063376194,0
120.3080856124812,70.28385961489349,39.92085255837003,61.71059444286563,0
98.28190232121074,92.00413907944426,64.14534658797888,84.99593305032053,0
118.56724467960193,73.43105721028604,61.38688674072501,19.624571670616564,0
76.0835851180845,69.53089017318061,45.565248933254935,12.55497898984771,0
91.0093746556934,85.36652752527286,63.53641744278796,96.34799474743275,1
100.07865549577275,91.85704154662997,49.06639830825469,10.80445593764071,0
100.70470890647113,87.18953310665067,54.56689779347894,47.84910701071892,0
93.24901792781135,89.96047685805816,93.46904180597073,58.55637287933019,0
109.34274898521248,72.43204911430539,86.80922103580696,54.137442090743825,0
83.98569355926108,65.78189333258156,34.00837526144805,8.603215703294321,0
97.8643077246806,95.01333651955487,76.5946483575835,5.702691400361937,1
101.80443447567848,76.77320161157864,76.22793108983184,10.548342746103568,0
107.71658251088124,77.49166983544953,37.034734224947634,58.55876838726125,0
110.67422317133335,93.28194141849058,76.37555287509721,54.43448876343211,0
83.13036862243196,85.5623000940066,90.75863836825106,23.374079203674427,0
76.98828743896567,84.55887772081607,37.549103875111726,63.777414184559156,0
119.16515232847763,101.65002344901083,41.64994357971473,82.00675020556494,1
104.98471017969388,73.56481769619857,80.35322933687004,4.157895984659376,0
88.7727019516517,89.27840128081237,65.42990621651296,49.81299435480424,0
123.26727963283784,80.57013124897084,71.02952550479047,68.93104121026903,0
101.73511951439288,82.68592278863257,66.81178432800994,25.23119270696871,0
117.6894577609574,95.28468426412532,67.81391841856288,30.77709052931491,1
101.01277722115164,85.07835756289624,33.47055743377834,61.36379029893838,0
130.9112188732298,85.38296079049633,80.94635413242897,89.7935293443737,1
126.33011263664807,90.72507337309803,83.39179984855548,80.99244203028994,0
96.2655377728139,76.35047270457115,55.41218511863944,58.31302190995835,0
114.57356426431534,71.60790332660994,59.13046100372275,73.02217177572491,0
109.68063924377721,69.55190805978967,29.377849948885558,36.482247020779866,0
120.52947336298523,60.33643410623998,70.2850951203567,64.09655280987577,0
85.52614809129844,100.56207129940321,71.44114883428288,46.6181591127557,1
110.29077189997659,68.96791634278317,58.75617966001378,18.993613645756092,0
115.87636730274382,77.78746376414227,82.48706719741006,70.17382738772572,0
73.61890770365329,77.2318670011108,53.31845538040119,55.646463734882204,0
82.25112231001337,83.07406697809101,71.29211851787201,35.86215819535914,0
69.4115173335985,88.15737212539297,39.60671322615769,91.13391900786307,1
95.95889748333164,88.60473488359746,59.52895698251524,2.0934117826733267,0
110.76313383693943,74.16922561431062,56.512914841943285,31.5773151249496,0
122.53535578144042,78.32878286213588,64.50615844081884,5.688139777764656,0
101.11142170629662,82.825799504883,52.60946142333283,76.65273162216272,0
124.42923318356938,77.51308873816453,57.37054808656664,70.21074541137926,0
79.29847812677663,96.07345576019992,76.52094342883012,33.13522187363171,1
74.44926340967268,84.90974951638252,51.26471525523565,67.5662902207073,0
99.16678451655072,87.34877786049817,27.868457985226414,39.593722619594985,0
105.76098173408961,86.62881268667412,94.99167808410841,75.62537914224343,0
99.5095787785886,91.73473857485325,87.62908157380973,45.41836627367061,0
68.98836849940184,81.81021558703706,34.154746097887625,41.22797278316656,0
98.66319940730817,67.03168052044154,73.79415610490389,93.4729915488301,1
80.4329574924272,83.99687951752642,49.94050458897314,25.087909989070024,0
110.04508823245058,73.4864310620817,65.26974430662119,12.044733999656543,0
105.49897369145272,74.71383318250243,65.88448258026988,58.45431132594582,0
85.90180320508966,85.86364018755093,55.31184399367356,96.93218122841789,1
92.2919962399496,92.38283071433636,44.32468668827207,37.783921372718666,0
84.11179717166573,80.21271576736062,46.18917895367481,6.203676362878152,0
99.05981354090243,83.08833012598964,41.67616169037515,33.93052673095674,0
114.32713480751858,97.02214944635239,43.363555835391104,50.593165431955846,1
85.21410930496684,82.40753179488568,58.65643419901289,16.19230066322137,0
107.56069773276766,106.01683114180395,45.68480021778497,65.8102218056492,1
92.04613572441339,85.65509645631545,73.64104131425239,99.77493890102006,1
88.10690751606484,62.39237240844182,89.74492310671855,45.17394759814438,0
98.39454460068163,87.53341621104532,48.39893517259914,35.472855673021265,0
84.4713651637094,83.81158384882778,64.78809001070753,40.070416683446666,0
91.69526041979228,92.89752754082745,69.99370220605867,11.514617839520113,0
82.03183161116728,86.73181351269959,69.4400454183855,88.32736014262238,0
129.47087699374583,78.61544016016227,61.519105358321745,41.4825655521352,0
100.52895327957593,67.75701763710634,74.85364836719445,38.72744114248413,0
89.50411738011121,77.90976742713974,69.64497905361314,65.96902729304743,0
103.20969866101333,71.494795457907,35.24675155345405,44.203342093112354,0
98.31507925463755,74.19476550195277,77.38312128778546,64.8233468807846,0
96.68545600700166,85.88578404420609,77.74581674533485,6.144629013078751,0
109.21250050065137,96.69904504351406,44.73427791642837,81.37233437222274,1
111.36261565070957,83.9467152982298,60.75875670895204,94.05039528794026,1
92.04248278584208,68.04116937964815,73.66657985622139,64.8765386159386,0
91.3627263903298,84.4460266822014,55.81372360841277,95.45659288588108,1
95.87422454272534,91.96631486645651,81.45956095532023,15.143231436996329,0
65.47118252896622,73.90217095680617,107.27744989238721,47.74161894803537,0
77.27213406702171,78.65982833327082,44.28027934730035,60.180673394544726,0
120.50311401166786,80.14688194729197,32.3791079369245,58.17366474211867,0
124.67451570251926,72.1510168691776,66.07637191209751,40.14617790890432,0
96.26445940665432,86.4828043384386,74.43125010252287,33.80844093662614,0
108.6483544458365,78.79051851392218,55.38267252310462,12.68240225504188,0
104.66875231815304,84.19532443907028,89.06521326642068,39.17424505622782,0
146.18321212682855,71.125078221979,33.227884005535024,16.266081510548513,1
116.79362367151865,75.62541699676589,73.85837246063222,73.43656764922184,0
98.0812361277885,87.22381357827771,47.882783584822135,20.883093549458998,0
85.66689339099361,76.27166847908234,94.38755812414593,5.856530528453385,0
75.90330519613642,97.26963851233405,99.85030706336237,55.236613781723435,1
103.05195453800835,76.00363814385398,44.666868244333045,59.52297327194016,0
88.65473882073545,82.24684725751887,49.0088572818284,87.19130612805056,0
78.66619435603488,89.3259083187309,77.19175773959604,57.69816124176819,0
90.3014067363621,65.81634267066968,52.257387004209704,34.54808537234457,0
83.77677994578407,62.39191188019224,59.091775641355234,80.30118815263205,0
125.30712452608847,64.74343685429905,60.5077684108482,54.027889318742105,0
113.22459635424175,92.62584103427182,21.606536876046874,7.928028463119174,0
99.88041038025074,74.48141854107553,59.723245078115255,56.58505603132467,0
122.19916208335039,105.58199285668252,46.20544451871652,90.80185454216624,1
101.16052461471428,74.35752401342612,50.13754355200456,39.631262549822054,0
87.08073698007604,81.84551303197037,88.87264006937627,29.632580189980008,0
122.84686115904486,95.42109952567876,34.86986211441487,14.346945701802005,1
108.08365065526988,100.06092888159122,76.26410373495955,15.144552193535732,1
84.44130768510315,100.61503576636397,54.420741393363826,43.27714843418189,1
97.14491982874588,92.08366230593143,54.40479663008331,59.56798241615295,0
86.86572619922865,90.24062525811462,75.80743792103422,8.061540516960175,0
79.25800403553495,85.92526949201184,66.8010258913778,93.95685890251657,1
113.89266321297463,87.78361076166638,71.41225994439063,75.51336174451959,0
128.64124960705195,74.48814283671467,79.36369321065722,58.66239182836627,0
79.02148639271289,71.81801116577692,53.37383233633354,82.84386709389908,0
108.44453855035856,79.96625542589048,47.755265309844994,8.01867568121133,0
90.24036146317259,78.29815377475072,38.29698946884404,47.68388777331244,0
92.69311924352957,75.46771950672725,43.4917894004209,63.00931268616634,0
91.11409113641696,86.96387447456715,118.9818885061745,82.86529061182893,0
87.04013845480276,89.5530520857051,84.89359161473573,78.34695600492677,0
100.7278244191724,80.88406886291847,32.978512675839575,27.706924971339962,0
87.53574825383444,94.77530081055262,33.5508408651286,94.08801695592042,1
104.05685238669759,68.58310885866496,69.63732123436984,12.434584143087035,0
99.24642835826295,78.06340540720282,70.94529594755934,87.51336186211522,0
96.41577929700385,72.83177679397195,70.9776767063473,97.09402496046185,1
86.38654506937603,61.3346338292694,54.900884128926045,17.715352322262557,0
91.34843004147501,79.17319314157301,57.490914799942,72.20660642037853,0
111.33086838738635,78.78252491616716,66.55759048318714,4.028551877799846,0
107.5137578143657,95.13449743242131,61.71786012586661,40.542282513915495,1
85.33667132802174,86.30811684554777,15.6139925450493,51.6283299197674,0
101.48998458143839,69.75813175670795,55.404007388496126,58.064522590963406,0
111.27080685057683,98.54092566334188,42.97187131479373,93.59372482485595,1
74.95892078317942,92.21033695525352,63.50422837817024,67.22506872941946,0
108.15040288569902,85.82097703468615,119.7051800520682,48.1277951219237,0
90.0606436158123,77.73515901150168,67.34963330948608,80.96750362658894,0
108.5589800288974,70.4056076327652,53.72940627655204,95.05328209544089,1
88.55111265186224,76.27793223928947,78.43603003954505,2.2066148682290843,0
72.92676849003222,90.88748619704185,69.65375774418425,98.25212722560387,1
75.58686343175256,98.84586305934609,68.40188980903683,8.613213906368033,1
100.72127419992073,95.43243528272188,72.13701186431342,81.43867792687614,1
103.89583752582223,75.11150578213726,101.13087129659083,28.033475255141248,0
86.43525062343387,68.80382566710989,37.38223129348169,13.217965775387174,0
109.57888688166061,81.40886246911204,69.47264153622909,43.98556397138349,0
75.0771990659656,62.31560634437149,41.47237740036923,64.39565794476135,0
99.00880302029024,83.23167714184781,71.11025292684496,38.0951845023475,0
81.83475700356315,78.52397413701331,41.626269770278114,5.456540828269896,0
90.22245838296762,75.33963498131757,51.652663727898315,59.94611396587166,0
100.71098006974621,64.05296932733205,54.09820171524187,90.24032761106747,1
87.09379952074072,85.13600106569717,79.51633438689419,38.32153659472517,0
94.23166683655262,74.6729916033809,78.36908887884827,21.633277763082702,0
115.0943921382166,68.30083164289712,35.08565247107231,44.25773459328154,0
91.34662195715276,51.2773778671835,61.098682219996974,4.836271104878087,0
112.53538168097712,79.72485094949364,45.80840290501655,82.04875844802748,0
83.05439718013574,97.72251596669744,34.82990178649331,82.63408109501867,1
107.94706266872925,96.6125921454787,55.65965899151259,58.800046342962844,1
121.6235293098685,75.42903743413729,53.830344230883604,35.31028889383895,0
62.92533249809066,73.97787939638219,108.53432972691044,79.97833644457833,0
88.04657116794284,84.68774256075024,68.65919650721392,55.46870247883672,0
108.6560819077081,70.01614560811709,32.44764998491526,82.59323085500162,0
96.9543192093551,83.01791899819466,48.704519916581155,63.14587925830206,0
105.56718810056964,87.6608027838469,80.42766590858797,78.44054732127972,0
90.94022219926269,92.26933223884308,101.7688554573985,59.856299321776,0
101.2988468120935,78.99845923520047,28.280333755240832,41.41410682156662,0
97.66484146911881,77.96326249823034,22.4015122972191,95.79458599261376,1
117.5167309248971,71.2201741324344,97.41930350743564,54.11138248788448,0
103.8163126495182,71.73119645960139,67.79228354741808,60.50895185405384,0
105.06403993112804,77.73521108098473,42.63414536247267,22.048763941474924,0
93.821845508163,83.67365506816178,70.69258172244871,62.565078942727645,0
92.6859066389126,89.13584626233249,7.285045219662443,57.160764948294386,0
93.51162718270568,71.96821049319655,60.06751013194322,18.483839794702494,0
105.91678213567445,94.92688568959522,66.55642345686171,5.958709735314372,0
93.68523278769605,77.2887639895743,78.4854027907566,60.43593197147711,0
104.34662285344619,79.78632705651565,39.72208095414925,76.36922693503206,0
131.13101197968157,72.52788320852177,61.71374322806718,52.34013709220082,1
113.06687055147539,55.75759739727059,41.49150747880825,22.67726253196457,0
95.10964701748239,88.8404539636105,65.10767511348634,66.65219766930349,0
118.01820883245918,87.36843897092433,42.09307355273952,8.010572660960225,0
93.87886940467673,77.18672442881787,51.837983216795585,44.183370480195464,0
69.4281319723322,80.66990717224871,40.08369210419542,16.33667583984202,0
84.87870533623894,85.159392177041,73.02272483647315,18.445905105988338,0
71.93812118461216,64.37454143113457,77.16902233313331,20.229394915820365,0
94.72729773938038,74.70947322653706,55.30758860085172,38.67070570439779,0
100.27627568784328,87.94264679621827,60.76475989920057,5.115020562039763,0
125.14655968412924,67.45710576830751,31.02817170732912,39.77934409290982,0
104.90391060646245,82.9355793216663,54.00646703986426,51.170744711470086,0
96.71349206786704,66.43418195376594,58.995907659165105,48.329428496632524,0
112.44108371775233,84.66429982433526,112.4158618205995,38.27841004030405,0
66.83297036488173,79.64358517702516,37.76065948451673,83.91466080707525,0
103.53421837162848,63.848681840944906,89.28354477504875,14.53266924205041,0
111.5629779083045,91.64739354457171,79.93717546931616,50.5696743781374,0
77.82120631330238,72.65408423201951,65.61272808980273,6.20414169565543,0
117.15631064810394,71.89747562985619,95.17240968390267,7.1155678877909745,0
105.07744611241621,82.00569197230944,67.44210945213726,57.38658496770963,0
93.77068129148797,91.48637349428715,67.78318391335857,56.6018424887821,0
109.49172799159427,69.84178181021603,58.937586939649094,87.8033512844457,0
134.06039286706593,80.61679849847971,84.47137764837255,55.78736756600732,1
102.72799382587743,84.28816500330574,81.92938467621767,95.97910204048502,1
103.72330879450504,86.93105607263143,47.48645425007575,4.869484839992976,0
93.10958650689633,81.76441555277225,33.61505610802465,9.800768478074106,0
87.25233445802812,76.32972160916678,55.94038725208686,4.40658615703814,0
112.45503724816368,71.7240977935128,43.99922871204707,18.527685033354004,0
87.15874261136699,80.86143883046375,58.7295085076929,54.12701109416781,0
101.07349355829089,69.27860988014393,84.74876269368278,64.5572181427428,0
92.83513829852325,50.78649516505393,50.853966898264204,4.55851579486688,0
107.18469738619588,84.36559804157667,59.1435323737685,94.59708898455993,1
105.00493157930423,89.03934841086195,61.1604546961679,84.2165376650381,0
115.56309916386849,56.37067564458162,76.96861764410569,29.661248215709314,0
92.3497540171788,69.90269295290062,15.062213320307897,7.718753022646796,0
95.95187597059943,86.19154261005198,47.86599410469407,16.98870732190573,0
85.3185442632654,100.574954697117,64.22567384558945,12.694441375497266,1
93.33560109885832,80.20793707675408,84.00157912853723,12.328377929894685,0
105.65950739567279,72.71997058770866,50.161951049875896,51.85616886657339,0
111.35482924968028,78.1710355889516,22.46894587916252,24.58474424934003,0
86.16752013733561,93.74876419148185,72.39422891932273,35.81397165291445,0
113.0440888015849,73.54035820875464,47.29275222348741,98.95053333843225,1
120.33456788207427,72.00807993349747,36.20666681819277,68.43142489253448,0
106.20152354835551,75.17256477817968,47.51309220573552,94.89806670470014,1
128.151937188371,70.46671391741287,56.30949284688301,14.255655503311559,0
88.3931620134464,81.22670315994796,47.905106709235746,38.21394748325693,0
81.33017945032874,96.2467845846956,15.888678858018615,55.47318032823543,1
73.31919626643582,83.23079273116029,77.94132393774265,7.675806188873802,0
122.44066467233775,77.47646497873713,85.49750082557445,0.41874436279578653,0
109.81548484531086,77.08188731084456,73.03043982679011,67.04343337969175,0
99.16622993634317,64.36809191303342,37.24628659150367,64.18195168014353,0
104.19952939479731,88.83109777147159,55.97016932104964,41.07888099996118,0
83.11766429052435,79.22162802987198,59.869573695410836,48.96440760320326,0
136.6862796942524,78.19520086409375,71.97588779123821,41.54430005920896,1
101.93831772962841,111.93107567844861,73.36680977436161,2.4005044844888856,1
101.64092191907339,82.98752908365687,45.31652402443008,33.537160621746246,0
110.88649935848038,72.48208949904816,61.63991112827121,17.708225539728982,0
107.2151384760507,75.73642403794457,69.14560809230483,9.842418910136875,0
103.35826036418698,91.48445709196756,89.11644644293533,95.67204338893498,1
88.14288316832032,81.13270410537764,74.09013079649446,59.935972504216565,0
107.07202535703993,65.61722021682633,75.78113374751038,72.86562842366027,0
128.2303674471255,89.19228934575203,61.67653255858722,31.53637432661175,0
120.18130069232467,73.31855914461006,88.20918290407008,39.31471294940152,0
123.89779939959095,98.73297776217545,68.19525591918995,23.692399389672346,1
92.33176485353222,90.80048065714648,42.77824179652859,9.696567096542474,0
85.15592769612128,75.52678104341248,88.06739940250381,17.90316374415838,0
98.11319619850528,92.81016361735112,73.95806545078055,79.75140452964858,0
100.83587368433042,80.67855510527403,51.13911957743035,67.75458051837758,0
116.41287277706422,88.52773675122219,50.41014065201513,54.69288759854769,0
74.61303055427771,84.84732817294474,65.93151090281523,47.508987286676806,0
122.9432547919092,71.53643345009127,69.2636959053517,92.24342836561244,1
97.62988152131516,73.56450167682539,63.94584531262413,7.273494777866841,0
93.5967839507887,90.29960817581161,66.2261734688577,28.060081323791596,0
84.81843437109748,76.65224667893459,93.99914749152761,34.9937853570714,0
75.17714992201346,75.96351536758003,81.43086304469772,78.24258122127878,0
112.34755875942872,70.44877420650647,63.81271182530049,99.25146201619714,1
101.09976950782605,84.23599065593461,78.82621161534966,24.067051475715306,0
80.6505865038842,100.62524919243145,39.34952192944921,87.43073341370805,1
80.57381841904575,69.32467085745728,67.95854099893617,83.06227604317912,0
94.96322951064808,80.24219456672758,96.1861269946622,22.46573976417666,0
125.0353228793409,94.12220555415429,55.63908209215252,39.933258019922256,0
96.10612972954593,79.20358608754285,43.0473214276183,40.96728692925191,0
77.45285570322841,84.52371796249734,46.95822222813879,97.82206685265584,1
96.31385403871083,69.37606471853121,38.207339253152234,18.089190137889833,0
95.90914645378494,84.28307097207649,44.30476183744593,79.91579711047821,0
59.546700355876425,78.12855734995452,52.58983802819942,33.419271417310995,0
99.18557700223282,89.85729995679863,31.88865961642716,73.08703457761604,0
96.53598204686983,91.87386051564751,60.31236667899206,42.001100429566286,0
110.44309547220128,105.89563642018614,78.04554347573294,57.835976311654,1
127.73434142418017,85.79633173213576,41.8448763970616,83.26117733261312,0
116.89847544321637,83.25796316582166,90.38567847283538,80.41655649838842,0
95.96666964167754,81.94384301577335,70.21584177055189,86.64231835397001,0
83.40211136887494,76.46833707189312,80.61161171248115,5.961732534465902,0
138.6003970487479,83.38483843461691,46.84330892295726,69.20505530397449,1
100.88827651021732,77.0459858986097,77.09050454133231,13.998737672176286,0
100.2089393786942,81.68460976269614,38.16132199209374,41.5818568018411,0
99.63812369334995,93.17597535607959,77.80495001673017,54.858841505468845,0
102.97127141151782,69.9345743472036,63.436786795870624,40.273948474683074,0
97.83459382114086,91.39878561129045,71.06502439969567,51.961167580300746,0
91.39506989679646,93.17115067339866,36.48810788750296,99.65263087986192,1
91.79711588139412,78.81931473008922,42.09860315446791,13.521731371285473,0
99.50870094676003,58.78145100991405,71.94456436506769,67.54560453364256,0
91.84862843299352,73.92178012905568,41.033039915515985,39.600096638561524,0
89.30731325984253,92.96994546561109,69.26412584198246,13.300979890732878,0
101.59645341537845,79.77131937701118,32.657243870795085,15.873676337430954,0
96.17534173868717,70.0069776770509,76.96348425333336,94.92731062456168,1
122.55989482874033,74.95225078771783,35.34953370462982,87.9601496711762,0
60.23545287410482,88.40620026504553,71.04599875359047,90.70419604150219,1
116.37260277883692,85.4673356820138,72.51261867292001,99.15327758273865,1
118.69127788746444,77.61067900830305,46.064563631408504,20.831539000851794,0
68.89914651387775,76.33175588185313,71.64053134169454,35.543933736406174,0
94.85968608879477,76.08241850956178,65.20884526667112,66.92190299248666,0
94.42838701006313,70.77589815501497,49.22316287614524,48.38025398606472,0
78.88732457923268,96.15375689469442,39.82890631847584,41.83895333783335,1
88.33274968613686,76.7767953078866,20.74748616654842,35.781124933559305,0
83.34136231801257,92.17158520825497,66.99300094599387,59.37806319434522,0
126.28405665135435,95.21316051922452,28.703944572758896,57.5593428640082,1
114.03517589721191,89.9831089814796,61.906883988826166,16.14578340642401,0
119.07332642491238,75.68379687281951,54.73103567835502,47.173983751843906,0
110.82508096064853,84.03730090336609,73.58285550876391,55.347177620984986,0
83.06422343174157,79.75804393609084,53.959090010202715,57.02869387313905,0
92.1321960058034,70.96298139269872,53.411044273058174,21.01071929123518,0
107.34061841841877,83.24359281721603,74.63741408576591,74.22713922522868,0
81.66808286662082,68.20960208840198,66.70116058168234,2.5199094821069634,0
110.69497645258582,91.87679388461564,66.32311914365556,35.483185554316265,0
96.39511902762797,75.35382702701607,69.38535179617053,78.02126485356335,0
94.37768788675604,82.0115965587284,29.288557535857883,56.389292105540235,0
110.66439952305237,82.83287871546142,75.13577359973964,26.116243251086026,0
106.6639496722906,77.41095026295923,72.24937588027204,69.49531193430477,0
94.5855075127138,85.86693801475275,39.66633742847006,56.73909441560734,0
117.38994705046372,75.25096343377476,55.118390526515974,79.62436094563871,0
83.78405008600154,88.71297297457244,59.21385424744738,73.50251861898234,0
109.23903410416395,66.54020319753252,57.31006431196535,61.01079220362347,0
108.89651886952575,81.26379579546412,66.67719933137069,48.8177675310814,0
95.35680341029014,99.38928999058285,88.62733563662367,13.31821256675234,1
104.89199533363177,69.99668675394426,81.63533455345657,26.133301788538375,0
81.23329635422046,73.22255029475149,33.75561613137187,41.90994729170853,0
113.86040528810352,85.13907849658915,72.44139980612097,59.92992870063887,0
97.22646795335517,81.79581781939598,86.5786663907082,51.37078552153048,0
92.1591546922144,83.50630099273559,67.73617041378405,28.818452595952948,0
115.73513838755333,84.89187130147664,81.81960850371934,0.6464357789710551,0
89.4348446418586,86.3472146856177,100.2454089140153,49.623922190081394,0
78.8730805545466,91.09699841956223,80.47419092213963,28.56259885622431,0
76.65056239714144,84.09818656928513,64.98617191283458,73.46083007105351,0
109.0901492701846,77.58742345381458,80.90176948169507,2.394626527048349,0
80.79355971255575,86.72573701202731,62.89775666193783,58.482781130579085,0
126.32191272976547,98.99881934895215,60.478060865699106,94.14742375060654,1
68.77105888174417,78.67366253617426,52.97171528572535,17.440926711149952,0
125.44684552435058,70.25470695329358,91.26826717664215,47.16494907505954,0
103.16526200803928,91.07080669286972,43.63142668115997,9.142199181713817,0
98.54930332194411,78.79618836046401,90.64735449356232,62.56819122613526,0
91.82621369786575,58.27330453985964,69.99728247480743,55.05316805962256,0
105.98704171528107,88.47421677150422,32.01387650396117,40.736552421283236,0
99.43547946362727,74.64671814046078,67.35298585982844,52.13770214737412,0
116.54952823024783,79.0946671769584,17.99946984696752,89.65746584690102,0
101.71341472993059,83.31980330569014,72.51016033662071,19.629430231106703,0
102.25452642192816,81.90499679779066,77.70462965977981,2.2564511705347234,0
94.54581681679217,87.09451817139039,48.152880886958926,86.16648846991009,0
99.14581564418398,75.64513629430157,62.47095391911164,57.71170823879065,0
104.6170265333809,85.13105798176083,99.08314867500573,89.06584554618424,0
74.34747411015061,77.40453322416083,49.88506591476127,59.69452234131726,0
79.7772186684143,87.38810480887503,38.82184825886799,81.01610899597024,0
111.14896141034072,86.15367484013053,89.63326804925197,42.967336335514794,0
102.56298157191912,70.64561297955404,99.25174381061589,74.98599312882688,0
97.24024995470981,90.85982116175032,60.07391343695695,91.3041466889856,1
100.27650899598089,74.64036554885952,80.22926070816712,57.21229637222063,0
105.21372558042506,88.08057798281145,86.82951831061763,18.078515056237954,0
91.90360479535957,83.6728731340134,45.150315349232315,26.879761503019818,0
88.3254291189653,98.38183676795123,50.29388329264263,19.86445768974058,1
102.93767882646523,77.76534017628148,84.6174902630947,24.685702759573292,0
85.32440833577452,76.50683203881802,93.70028557417018,30.64154493510364,0
106.12379133571707,79.80580394112268,71.2576172034871,55.51337867531885,0
74.46124593643239,76.96820217165724,42.403712929958914,58.79916294638328,0
115.43733455988465,87.9994190194205,99.74122223398882,42.649974724186116,0
107.08896223619564,63.83689391563412,49.38058204376071,61.54207798208354,0
103.84044601470814,69.46317580853646,53.297244376570966,8.157492561136593,0
114.74036475918271,69.32197078420808,66.84675668979243,8.778823705815997,0
124.98211666693865,89.50307591973575,91.08320841429548,17.182946035765845,0
115.21555097527195,97.10613372581925,77.07951953104447,51.80774980403447,1
72.38688653002532,78.95550781462528,68.29731000723821,21.399467869831355,0
80.80634549896448,78.31178276809989,69.26577060236212,28.328440349257733,0
90.62772133456482,80.70052163113182,60.87029337286932,40.03128361729941,0
100.3913657531625,91.6187830260819,71.16279029037013,81.18661240103798,0
107.76488530703685,70.72646865809426,9.408798446113941,1.3862135912860118,0
89.11384280269802,82.38368982734785,54.06785081860403,64.93788202366224,0
102.80150146715617,89.7519762978243,64.82643869833562,66.88765310406853,0
88.66925601470017,85.01094169939846,36.97971832760986,79.86557803566366,0
90.82723295512078,81.89581616598744,67.7264663562312,93.27529390603132,1
78.90008354727667,90.01046092567141,55.910575580277566,2.0137848949289827,0
86.15150130833644,52.967677070007625,95.1095139663098,15.378370551321618,0
79.724730915755,86.77875319530908,91.46039450429713,88.6171294055993,0
85.36190120534,73.45924316872576,50.68388861763674,45.851856218701535,0
115.80462694911759,61.69367103143543,56.983245768666094,56.459063893346354,0
85.75901666752085,85.11202599524981,58.52104868783215,66.30272037231474,0
139.48573097256087,93.73658545162958,50.966810476807545,67.90666044956374,1
107.39976851321333,78.62551485372308,63.90049968056253,93.17404033165082,1
102.77254185542311,89.52874547202939,44.834358622248196,99.69494174116697,1
87.1246332972818,96.12278257988646,37.38769330124947,72.01574609309402,1
110.50464819113488,93.14914453584048,72.45422447800537,28.72212092051508,0
91.36543260643339,96.39964529371393,72.59059168443622,87.97524022943436,1
101.83014721968043,87.42127491071892,43.91368480680015,4.922091454076161,0
138.40126807403192,80.75433638901593,77.90710861525199,23.10808528744962,1
98.55910150413025,63.980341881028316,47.368445416693376,89.73857174637149,0
117.23909989428513,77.53937511870052,65.06330476075962,25.619151443935493,0
89.45235362311169,71.56753404683808,76.40688025224912,22.065105962174847,0
99.47517264254557,101.70942717497815,59.32774870592574,13.812529314024724,1
126.56200953453265,78.24114187567663,69.09481824282268,85.91117576469165,0
90.5954941331835,81.23204806784486,49.67140712224857,50.00582591910867,0
127.18672836995393,85.51485376040468,56.07066833143806,67.48932030541548,0
110.61627903183214,80.43602446372454,55.88281138239319,23.906638407502967,0
91.56299836158598,96.95051040430752,45.06843306919522,75.80404210112165,1
109.48611608583282,73.77350638265548,56.464516737684356,76.00055449620984,0
114.58831674440094,81.94607455237242,29.027634022725067,31.259802490830012,0
109.32714943325794,72.57529414301952,50.1769250571579,41.06826330102828,0
76.44662920164316,66.79977488779295,54.302490132606586,20.969027743020085,0
89.09294236262697,73.88230909094715,54.8764049500924,97.65610233229043,1
96.28722046672743,79.62963202951588,55.17005108258442,64.56025770584117,0
98.8834985634993,75.7069777548274,58.76471600279742,93.45438807155155,1
109.31008146326018,73.07579020126144,69.58883036172128,30.338554362913317,0
102.66551501399881,65.93682536328166,77.49034148265045,78.18909129968897,0
79.96983461934849,79.16894427371305,47.00469546303466,76.5858643884742,0
105.70296776508945,64.95279625968998,35.93598289221711,69.16556518665415,0
109.15878617925735,87.60055963689602,39.15911175513794,96.56389752668004,1
108.3968567189656,80.82439752934503,50.255941576101456,39.355533610631554,0
116.21171088331933,65.42448500535069,52.961573643669816,13.07173235897573,0
112.50883231823356,76.90790922950137,44.600078676050856,67.17088592440608,0
106.88770118842655,72.47843594409417,34.07766671500211,72.93098004772062,0
98.94751432812029,83.19174510419181,50.877583450516234,57.506057345881466,0
75.08558599726013,93.40450446023145,63.628532402279426,20.681789313339628,0
106.44427328698879,61.248275303542556,71.90058931671129,50.445594166935535,0
103.11531530744666,81.15026079147417,48.851538937833574,31.21897365691294,0
104.0736825579306,78.3986720443336,51.740043557131315,42.746652816668906,0
80.84877136269536,86.71340076450466,41.466033823053785,64.52185758446639,0
83.78415189387607,82.1319662823769,59.371216592504474,74.52147426908346,0
115.79729279999356,72.48030668261181,43.03142731618371,23.22246909013431,0
99.40667269215018,76.80946064333382,71.462556264824,40.532536064695336,0
110.22251046058936,72.03974143196511,24.282670161317775,26.91615709916292,0
100.42477564195691,90.76007138598598,52.80740655095075,19.86316138618691,0
100.44634209243618,80.21311648671943,66.02214678383484,78.33872199958384,0
114.07425708963997,99.01190685753008,63.676690326450085,90.92526944369924,1
92.25932907673939,79.39339186185379,113.86067327960993,37.02321856845767,0
101.44181165411474,72.91593233089537,66.99600049135815,75.12789243737669,0
93.06587066942436,64.86285607387173,39.91890806315979,89.69952893644111,0
93.48255658851527,61.96860323744055,58.09071505821854,84.61242105302316,0
95.3624181479704,64.1586405699451,24.475073330670966,18.28133885392259,0
103.3320065745057,82.67126651011483,58.38800501406478,95.62918815133614,1
92.81877067504784,85.08725023229934,43.33887885998483,37.66764404294625,0
118.83634188360281,64.18809297967867,78.30780551120324,33.92406611738363,0
86.58089046670744,88.95038314076115,49.0091945080893,6.2431327277780335,0
97.19692533757961,75.1693894831656,57.664681684095065,48.6173654104883,0
93.40403412588738,81.4679301198555,47.288843171911935,10.90136156409287,0
121.704668265306,96.12220628255425,94.77702703706663,24.853982092742598,1
102.94832164767362,88.96839315865532,53.57514467764177,31.694262176728138,0
115.47766809202952,77.31469352094167,96.65114086958403,80.8826323491684,0
77.71659440444542,71.08807774584713,76.28303524236533,87.54886503958966,0
104.00575398803889,58.48184598670695,69.64133454670772,30.246631746146967,0
113.34446193435156,72.8084668075758,67.3746629463504,85.86981212445738,0
101.23425983913137,77.88869761172306,67.87594596432503,85.72309373697911,0
115.98220562598027,70.12820472848816,21.446548413087797,76.46509503848735,0
92.24067324849442,78.68743032907695,54.42233211698487,14.669511401518154,0
121.1402116027837,80.76851882958768,76.90315942368643,69.0322846900729,0
134.48347185428875,77.75144018191921,59.02205633051789,94.50240645805688,1
94.55742159340511,73.4999741917654,31.8962030639285,68.2540478767157,0
93.31746217898842,81.68654671966728,58.951910988450614,33.16168491078339,0
121.80076715676552,84.41940649569409,94.08211032510982,50.05793174308313,0
123.69358218596068,69.09600922557154,84.93783431069438,64.57250433510536,0
92.15709959270097,94.10932379746271,58.759919812679364,51.05704087285036,0
93.69719774356214,79.01411867715738,79.02898554116173,11.995294173096982,0
95.7732308670924,80.18849622944848,52.669859592638964,31.206404465202063,0
79.83324233448585,87.08214423256557,25.92256826346562,80.23960305536325,0
86.22022080273703,82.33216131263502,41.51068023740891,86.14180460955174,0
84.93788849871898,89.53136633913245,91.25777537016396,13.730003271557024,0
88.48303652343807,82.87124165201824,54.52013836341391,95.23867523987246,1
99.47972668919829,73.87562625359563,55.13232041249964,32.88226178486093,0
103.5132209880478,83.61503525206102,54.00323607450239,66.231373873072,0
123.25750739221115,68.56273792679337,98.08273179146013,75.18251459566811,0
85.02468938891813,81.08559705776523,92.51917830724126,81.19462346378835,0
114.76483597714875,79.6677000935554,104.37560466896268,94.57497022259301,1
96.79016733661737,77.9188314272746,56.819095791998976,31.29195480288226,0
99.2580443552135,78.71462488561069,65.9124897749419,85.85064545515544,0
110.12229238249905,61.18150954502361,29.66714901158418,13.168690343620703,0
83.15916967656553,74.51275092259039,89.53868852236549,70.50409063535928,0
105.73614619276076,80.92844901141115,36.6444089746413,74.19777295139859,0
102.49678312319584,81.598563919974,64.33551127525259,67.77232412013204,0
107.38676896012224,69.72324859074041,38.053949447343115,25.2314736135153,0
104.33752965861727,92.65707840864701,48.22266346522608,87.30431470152034,0
136.8295020986634,71.33825151785499,43.254751379005995,16.8858463370395,1
90.43390023623026,89.69457200526736,47.84249478648364,5.363479152083084,0
92.03504567497274,84.27194361871685,49.21754593702043,71.74649906119122,0
90.65289210362853,73.53772690156197,49.03462410149846,47.54757152327337,0
91.66784321259618,97.75310892609512,76.66667823560614,84.90980199586761,1
90.43919309040223,68.0636316824352,37.9027441387496,38.3397141058259,0
117.83524796661328,89.19154173610002,64.41082854027734,16.827858850771282,0
121.30756371984782,90.00582318042979,84.35918304611117,83.64421924698698,0
91.43880559375785,73.29379790923355,49.73607270973208,54.89096316400717,0
87.51466640343656,93.92465300064329,45.641622185047964,18.91957923903549,0
107.07123334579606,77.49953485401048,55.389507496394984,72.03839985864458,0
91.71665433578544,82.88693629279857,83.59450416721421,51.111363848950056,0
109.49397726633266,82.6032183877122,63.882152619067156,60.431298224031984,0
103.04384531276949,78.65691258529452,49.375714107848026,46.089833820658185,0
77.26383827504152,88.10808273159782,69.67753302376079,82.87089838180064,0
123.21257801995093,87.93488720552213,37.95415700327153,82.95627156830498,0
126.93816509643283,62.51468026761819,73.62719020885896,70.93888218243862,0
90.80816964273421,93.04340242878152,68.17214615403535,10.540137739646227,0
94.18447660096024,63.37508011964326,53.84383057722232,83.88538619040689,0
104.28798086087357,90.32546204341658,43.22828403105538,67.10129805329098,0
105.01685184980538,91.26705136827583,42.266381554330856,69.70241660042996,0
109.87816409009245,69.09033569784802,70.69634672691821,36.298284040387166,0
130.15306808149523,75.89185712045415,84.57961004978124,87.92795561570067,1
97.34579158758926,68.94295331514064,47.25384505942411,72.53716002348575,0
88.0255413319232,77.85078969711265,69.16773407102968,11.259046652919446,0
79.31021157978209,76.91965715814258,18.259459627958627,40.77780344061627,0
89.0360494008712,87.7966053226934,48.30764538685601,88.63803619601417,0
99.50309540689304,93.10308746119608,59.37882134258196,4.719670169737899,0
126.91836795276681,93.95683810789956,41.80633166036333,96.14166196420496,1
92.23583051445743,74.37831973421697,41.26987250420808,67.91625683195628,0
103.35681927458347,77.90778126255472,46.64440887062227,63.13759776433766,0
99.75365655890872,63.1656180777905,65.84385456652747,27.05592564879914,0
117.82589910172126,71.94129933503811,56.253419631872504,24.879178873917706,0
137.90398638810433,89.64851633097457,15.235375333500556,94.20582194885955,1
92.03696840619519,96.15582823548232,17.585996947298675,29.827245423412275,1
92.65840836222667,67.65651128120078,47.86269644285649,77.55052967189994,0
115.66241315603608,74.07535740847106,69.15373172107104,39.31217982070792,0
110.22837234439467,79.73594243041073,5.049903145495307,13.925407078470398,0
127.7006098860405,82.80161158819607,50.00539647696739,1.071529769535895,0
108.75892277988946,71.90396480078354,49.475042869651574,54.42573370152508,0
94.61061863819411,84.2406104446409,87.76675556416896,97.57788185489326,1
108.85982246038463,75.26160652929084,52.299563765742725,36.91361938092045,0
116.63055370874362,79.85547729121721,67.65977969481857,35.719233399304485,0
112.30723271796046,85.462842480037,62.825142801749266,34.40916178494421,0
107.60911046660947,80.06422269810938,17.38867040385599,52.054383730485846,0
116.00012034383731,75.63614109473431,75.36414433263475,44.06648834242935,0
117.5394338566851,78.90390196074169,64.30793010912576,87.99146267270145,0
120.7323848655629,79.11637040794665,70.1653727934918,50.55207917234903,0
109.73064831384464,76.29988970117873,138.52475412872653,50.77578381885688,0
97.49322879524719,77.41203937332898,18.31774121002823,13.83715947205566,0
102.20070529649985,95.98647170504717,94.49393299522217,98.27395409103859,1
118.09763449762535,85.6091944794124,54.25104961199289,24.99728908688297,0
87.74596493519147,77.0451968197084,65.74657808806019,7.336406745960266,0
105.53009963309351,86.96954404510736,59.08975509397516,66.31462489752089,0
94.09991781508958,76.6618051024399,51.51527333203913,59.53663701568727,0
100.43117234402226,91.73124637586642,48.60334143522483,41.514565399274574,0
119.17677793910948,83.69642192198094,66.59017471146018,42.2192233880678,0
102.86648602029855,78.92697855995772,29.656526066566418,78.50639210464311,0
100.69654822234223,84.47716925810278,75.01158335043532,19.571264009964906,0
79.60215788530121,64.29123847931501,51.67611190229492,82.02533189448897,0
111.19380349040831,68.73232531090194,37.398613219192846,64.87471138950181,0
109.68226271711613,68.06074993600944,50.99974284008373,41.89697737795244,0
132.44882084958192,81.42943094763707,85.14298433725145,45.80286165838686,1
95.38332647570499,97.32514999485092,49.29329825967554,25.66472071860958,1
103.28725491495908,102.31300146192632,67.1690723641924,75.21143326969748,1
103.74075525566133,86.38051101440757,45.38087448569053,51.287474230526776,0
123.66179919645211,85.00844474944456,75.1584369984724,32.08545427498436,0
98.57056701419572,61.989422658472606,73.71015477580409,59.60501157609502,0
104.18532288655508,74.57326200265979,96.97217666592823,99.5734452051323,1
109.11844764574809,72.12216248091761,56.48872109001569,43.52622796565539,0
102.79913684734537,73.79152401748884,73.37309609515813,92.06914007786196,1
93.30349578174207,78.3185618141521,61.961350790778894,34.50168399245661,0
102.91134989347461,75.27909422302872,85.91743563726028,5.4732706924985886,0
116.10447624789659,60.20700189624212,45.623352247825395,20.424210636842886,0
84.6022705088341,87.47910256117534,74.90010625754562,41.86951433276842,0
101.99454511220314,69.27256974260193,56.106054077666364,21.963492859456903,0
89.4981877759124,82.39246864111149,58.71623645783004,0.02270382182555375,0
117.92569943387264,100.74082669749973,61.83504968896746,91.50015377475272,1
77.15219642824337,70.80615408413577,65.04480792853354,84.3879411230929,0
91.61617229092617,54.697124772536704,57.67541913756084,74.22922314869471,0
105.65817812596781,77.13995778119889,64.29426366341053,16.781459564602862,0
123.4828604385151,91.00959634998571,91.56236115124369,12.036357620998606,0
99.01374608390519,99.58347454220593,79.70899371230436,6.760474947238315,1
91.67200709960203,67.70450405547584,77.38309184993793,72.40291887729212,0
128.21735604160887,84.96699223236521,50.889209479522584,92.88079606878853,1
78.27979149375633,75.34689543219946,42.21518343543352,43.053582091303696,0
67.01791065069878,78.94051645695865,79.10601116475506,11.914067199604816,0
106.60021675079999,106.44343347017035,77.52093585059589,51.23928207321066,1
92.46918663471084,64.97029671604847,89.45341351501963,34.88319074586301,0
84.6815077430393,82.53739661494573,47.92038748061541,37.48249243499977,0
110.6253467094903,84.67693171765433,55.40902689279306,62.13306241557073,0
103.65701070656799,90.85786324939347,27.21031674949132,71.87181132622024,0
91.53882053894907,80.97983153470895,52.15057787878254,11.060359887316086,0
80.79543401993658,83.08050539504103,79.93141021158894,3.5590230806476386,0
113.08685992420217,76.08351432578209,50.670092415436045,99.43303026857149,1
109.75301766937991,82.69126941245108,72.80959590401648,23.272834891555185,0
98.51236204330925,76.56807724502589,56.18993788004377,5.383052490845907,0
127.69955494071499,86.21571889856051,66.48114056443121,18.987532909591998,0
83.94872850510771,76.30389663956366,37.04617220368665,3.895784634846422,0
77.11712243612891,83.77100393902187,61.70418899267802,39.181089461717164,0
89.62137895178134,79.70737186315021,0.17728058198553498,80.24017844513243,0
99.31620975466754,91.26050250772168,56.2620768367603,34.124444975772064,0
103.65009173984038,79.48606276411513,27.3905351256972,44.418340687836654,0
96.38145913215506,62.26967531793119,84.11989033093633,67.55867735674389,0
105.28083094771445,92.61921500713991,75.54814705529023,50.889407006988016,0
81.22690863714334,70.94267699137382,69.33341963932162,86.14456860213242,0
121.65646906109889,73.46233661351181,90.4201245431876,86.60356750457565,0
98.76773232411146,74.04338705956508,41.021669583503254,0.9910695491153643,0
116.75943747382192,93.74438093170818,94.94726395831117,77.80463064831991,0
105.14088019566556,58.64325786021304,78.6438312852077,46.073360024167386,0
106.85129828730676,111.37748533659993,55.26889425562108,98.88405413036631,1
108.54650920348305,90.56056809066052,82.71240294365889,48.323207587543514,0
106.71562840025973,82.23238914129159,37.87412975176731,98.68959453882975,1
109.64084139801315,79.45105999383713,43.50971676944653,75.45693612057366,0
119.93728795198646,82.85554074857657,47.828205535205996,24.860488461330633,0
102.94781754552206,85.21122428379338,49.420445838719694,53.83949792869577,0
110.63505636382769,86.45215585950056,38.86884714479494,99.21356394785828,1
98.6539645856916,85.55604466003449,84.4616613419065,85.75306077519237,0
121.6017582317421,80.8958068125525,54.822911992603366,9.73668937912211,0
89.85411546911095,78.02661579692673,67.05009936713759,70.6371996809996,0
127.01410649366224,78.48726716346488,48.592972671726386,34.5579585870813,0
99.39763074033485,78.0509171964732,23.587933989029658,0.6982261880348117,0
78.53837346822928,91.33770096867065,65.40114716782844,40.34809690269996,0
101.92156622366184,85.93556722280861,21.75490049160446,23.47544217249713,0
89.78422513787679,50.59611365335719,58.627319078290625,81.88692705204716,0
112.60965323483086,86.55900776529761,32.63369922334379,33.733060884576545,0
90.21064031046413,81.94736194718774,99.74551998461615,82.7523693953817,0
93.3072485017783,79.81291243554102,78.22725444349443,0.05979388347953085,0
71.65688903581703,76.11481546911114,62.11507582542961,30.781915002611914,0
93.21540521126386,91.24112719986013,85.27413355309338,24.116521430776196,0
63.64181010056565,89.47526462122858,43.07368045068529,23.3567361068611,0
76.24145764771416,72.27122332176391,70.86958757340186,6.81866197654627,0
111.40621984216446,84.07052287124534,63.99620867437427,18.712427041050173,0
111.78700237976248,70.28343265458714,65.2804016266734,55.55495698856199,0
106.38186342677447,66.20381835211069,85.44707000213535,29.13610728377445,0
85.4953578530618,73.73282775410036,74.64984205559604,41.73947823291479,0
99.2843296578703,88.62393472382759,65.77447325650047,37.68668803471885,0
99.94596191364147,89.53125045376086,26.902251275434075,87.59049249998945,0
82.62452966211185,85.13085420097293,40.79907409441073,90.52989990105155,1
122.55097452650726,87.25095786847997,57.545821328085516,49.295697165586006,0
113.16043435863507,85.16178287114958,61.86744748553303,33.01559503156044,0
96.68553739255503,73.58518404777048,37.39592550652152,10.680070400236364,0
100.40328758491796,84.31922544673941,108.23353351156842,95.3402879382095,1
103.12574211921329,88.00409525227683,90.32788110507146,6.022694490029745,0
69.37397697363565,87.54291329813574,72.04236640784967,29.765027756828044,0
96.29233926219105,91.88913371474644,61.440737225674894,29.806620117000413,0
89.77023628003302,87.08303847201064,55.755820601976964,32.04012861402149,0
84.97569985157627,83.51448207541583,40.96163079955529,16.428684327240926,0
95.78349560671067,90.70150238316427,61.54961037037725,78.31614309236971,0
126.96529790274283,79.7347874075094,65.15505080285502,12.249786196598922,0
109.61264291900514,71.18125348772283,35.16478849036751,63.49066591531628,0
91.43231515325805,78.36933036056236,66.68352834489795,12.384602670581746,0
108.58874172034238,72.55097355193551,56.89481902350502,7.053563759295656,0
